id,nombre,horasTrabajadas,sueldo
1,Lou,100,10.000000
2,Ulrike,200,20.000000
3,Brade,150,50.000000
4,Kimbell,180,100.000000
5,Sheelagh,120,1000.000000
6,Juli,22,33.000000
